{
    "carvers": [],
    "downfall": 0.5,
    "effects": {
        "fog_color": 10518688,
        "mood_sound": {
            "block_search_extent": 8,
            "offset": 2,
            "sound": "minecraft:ambient.cave",
            "tick_delay": 6000
        },
        "music_volume": 1,
        "sky_color": 0,
        "water_color": 4159204,
        "water_fog_color": 329011
    },
    "features": [
        [],
        [],
        [],
        [],
        [
            "minecraft:end_spike"
        ],
        [],
        [],
        [],
        [],
        [],
        [
            "minecraft:end_platform"
        ]
    ],
    "has_precipitation": false,
    "spawn_costs": {},
    "spawners": {
        "ambient": [],
        "axolotls": [],
        "creature": [],
        "misc": [],
        "monster": [
            {
                "type": "minecraft:creeper",
                "weight": 10,
                "minCount": 3,
                "maxCount": 8
            },
            {
                "type": "minecraft:enderman",
                "maxCount": 4,
                "minCount": 4,
                "weight": 10
            }
        ],
        "underground_water_creature": [],
        "water_ambient": [],
        "water_creature": []
    },
    "temperature": 0.5
}