{
    "type": "minecraft:entity",
    "pools": [
        {
            "bonus_rolls": 0,
            "entries": [
                {
                    "type": "minecraft:item",
                    "functions": [
                        {
                            "add": false,
                            "count": {
                                "type": "minecraft:uniform",
                                "max": 2,
                                "min": 0
                            },
                            "function": "minecraft:set_count"
                        },
                        {
                            "count": {
                                "type": "minecraft:uniform",
                                "max": 1,
                                "min": 0
                            },
                            "enchantment": "minecraft:looting",
                            "function": "minecraft:enchanted_count_increase"
                        }
                    ],
                    "name": "minecraft:glowstone_dust"
                },
                {
                    "type": "minecraft:item",
                    "functions": [
                        {
                            "add": false,
                            "count": {
                                "type": "minecraft:uniform",
                                "max": 2,
                                "min": 0
                            },
                            "function": "minecraft:set_count"
                        },
                        {
                            "count": {
                                "type": "minecraft:uniform",
                                "max": 1,
                                "min": 0
                            },
                            "enchantment": "minecraft:looting",
                            "function": "minecraft:enchanted_count_increase"
                        }
                    ],
                    "name": "minecraft:sugar"
                },
                {
                    "type": "minecraft:item",
                    "functions": [
                        {
                            "add": false,
                            "count": {
                                "type": "minecraft:uniform",
                                "max": 2,
                                "min": 0
                            },
                            "function": "minecraft:set_count"
                        },
                        {
                            "count": {
                                "type": "minecraft:uniform",
                                "max": 1,
                                "min": 0
                            },
                            "enchantment": "minecraft:looting",
                            "function": "minecraft:enchanted_count_increase"
                        }
                    ],
                    "name": "minecraft:spider_eye"
                },
                {
                    "type": "minecraft:item",
                    "functions": [
                        {
                            "add": false,
                            "count": {
                                "type": "minecraft:uniform",
                                "max": 2,
                                "min": 0
                            },
                            "function": "minecraft:set_count"
                        },
                        {
                            "count": {
                                "type": "minecraft:uniform",
                                "max": 1,
                                "min": 0
                            },
                            "enchantment": "minecraft:looting",
                            "function": "minecraft:enchanted_count_increase"
                        }
                    ],
                    "name": "minecraft:glass_bottle"
                },
                {
                    "type": "minecraft:item",
                    "functions": [
                        {
                            "add": false,
                            "count": {
                                "type": "minecraft:uniform",
                                "max": 2,
                                "min": 0
                            },
                            "function": "minecraft:set_count"
                        },
                        {
                            "count": {
                                "type": "minecraft:uniform",
                                "max": 1,
                                "min": 0
                            },
                            "enchantment": "minecraft:looting",
                            "function": "minecraft:enchanted_count_increase"
                        }
                    ],
                    "name": "minecraft:gunpowder"
                },
                {
                    "type": "minecraft:item",
                    "functions": [
                        {
                            "add": false,
                            "count": {
                                "type": "minecraft:uniform",
                                "max": 2,
                                "min": 0
                            },
                            "function": "minecraft:set_count"
                        },
                        {
                            "count": {
                                "type": "minecraft:uniform",
                                "max": 1,
                                "min": 0
                            },
                            "enchantment": "minecraft:looting",
                            "function": "minecraft:enchanted_count_increase"
                        }
                    ],
                    "name": "minecraft:stick",
                    "weight": 2
                },
                {
                    "type": "minecraft:item",
                    "name": "minecraft:apple",
                    "weight": 1,
                    "functions": [
                        {
                            "function": "minecraft:set_count",
                            "count": {
                                "type": "minecraft:uniform",
                                "min": 1,
                                "max": 1
                            }
                        },
                        {
                            "function": "minecraft:set_components",
                            "components": {
                                "minecraft:item_model": "extremeverse:trozo_de_vacio",
                                "minecraft:item_name": "{\"color\":\"yellow\",\"text\":\"Trozo de vacio\"}",
                                "minecraft:lore": [
                                    "{\"bold\":true,\"color\":\"dark_purple\",\"text\":\"Recupera lo que es tuyo...\"}"
                                ],
                                "minecraft:food": {
                                    "nutrition": 0,
                                    "saturation": 0,
                                    "can_always_eat": true
                                }
                            }
                        }
                    ]
                }
            ],
            "rolls": {
                "type": "minecraft:uniform",
                "max": 3,
                "min": 1
            }
        },
        {
            "bonus_rolls": 0,
            "entries": [
                {
                    "type": "minecraft:item",
                    "functions": [
                        {
                            "add": false,
                            "count": {
                                "type": "minecraft:uniform",
                                "max": 8,
                                "min": 4
                            },
                            "function": "minecraft:set_count"
                        },
                        {
                            "count": {
                                "type": "minecraft:uniform",
                                "max": 1,
                                "min": 0
                            },
                            "enchantment": "minecraft:looting",
                            "function": "minecraft:enchanted_count_increase"
                        }
                    ],
                    "name": "minecraft:redstone"
                }
            ],
            "rolls": 1
        }
    ],
    "random_sequence": "minecraft:entities/witch"
}